Company Name,Category,Location,Company Website,Company Email,HR Email,Careers Page
Oracle OPERA Cloud,PMS,"Austin, United States",https://www.oracle.com/hospitality/,,Not publicly listed - apply via company website,https://careers.oracle.com
Cloudbeds,PMS,"San Diego, United States",https://www.cloudbeds.com,,Not publicly listed - apply via company website,https://www.cloudbeds.com/careers/
Mews,PMS,"Prague, Czech Republic",https://www.mews.com,,Not publicly listed - apply via company website,https://www.mews.com/en/careers
eZee Absolute,PMS,"Ahmedabad, India",https://www.ezeeabsolute.com,,careers@yanoljacloudsolution.com,
Hotelogix,PMS,"Gurugram, India",https://www.hotelogix.com,sales@hotelogix.com,Not publicly listed - apply via company website,https://www.hotelogix.com/careers
protel (Planet),PMS,"Dortmund, Germany",https://www.protel.net,,Not publicly listed - apply via company website,https://careers.protel.net/en/
RMS Cloud,PMS,"Southport, Australia",https://www.rmscloud.com,,Not publicly listed - apply via company website,https://www.rmscloud.com/careers
Little Hotelier,PMS,"Sydney, Australia",https://www.littlehotelier.com,,Not publicly listed - apply via company website,https://www.siteminder.com/jobs/
StayFlexi,PMS,"San Jose, United States",https://www.stayflexi.com,,Not publicly listed - apply via company website,https://www.ycombinator.com/companies/stayflexi/jobs
innRoad,PMS,"New York, United States",https://www.innroad.com,info@innroad.com,careers@innroad.com,
Clock PMS (Clock Software),PMS,"Sofia, Bulgaria",https://www.clock-software.com,,Not publicly listed - apply via company website,https://www.clock-software.com/careers
Frontdesk Anywhere,PMS,"Santa Monica, United States",https://www.frontdeskanywhere.com,,Not publicly listed - apply via company website,https://www.frontdeskanywhere.com/company/careers
Agilysys,PMS,"Alpharetta, United States",https://www.agilysys.com,,Not publicly listed - apply via company website,https://www.agilysys.com/en/careers/
Guestline,PMS,"Shrewsbury, United Kingdom",https://www.guestline.com,sales@guestline.com,Not publicly listed - apply via company website,https://www.guestline.com/about-us/careers/
Maestro PMS,PMS,"Markham, Canada",https://www.maestropms.com,,careers@maestropms.com,https://www.maestropms.com/careers-hospitality-technology-pms.html
WebRezPro,PMS,"Victoria, Canada",https://www.webrezpro.com,,Not publicly listed - apply via company website,https://webrezpro.com/careers-webrezpro/
Hostaway,PMS,"Boston, United States",https://www.hostaway.com,sales@hostaway.com,Not publicly listed - apply via company website,https://careers.hostaway.com/
Skyware Hotel Systems,PMS,"Limassol, Cyprus",https://www.skyware-systems.com,,Not publicly listed - apply via company website,
Sabre SynXis,CRS,"Southlake, United States",https://www.sabrehospitality.com,,recruiting@careers.sabre.com,https://www.sabre.com/careers/
Amadeus Central Reservation System,CRS,"Madrid, Spain",https://amadeus-hospitality.com,amadeus@es.amadeus.com,Not publicly listed - apply via company website,https://amadeus.com/en/careers/locations/madrid
iHotelier (Amadeus TravelClick),CRS,"New York, United States",https://amadeus-hospitality.com/solutions/central-reservations/ihotelier-crs/,,Not publicly listed - apply via company website,https://amadeus.com/en/careers/overview
Pegasus (Amadeus),CRS,"Austin, United States",https://amadeus-hospitality.com,,Not publicly listed - apply via company website,https://amadeus.com/en/careers/locations/madrid
Oracle Hospitality OPERA CRS,CRS,"Austin, United States",https://www.oracle.com/hospitality/,,Not publicly listed - apply via company website,https://careers.oracle.com
SHR Windsurfer CRS,CRS,"Houston, United States",https://shr.global,,Not publicly listed - apply via company website,https://shr.global/careers/
RezGain,CRS,"Las Vegas, United States",https://www.rezgain.com,marketing@rategain.com,Not publicly listed - apply via company website,https://rategain-talent.freshteam.com/jobs
Infor Hospitality CRS,CRS,"New York, United States",https://www.infor.com/industries/hospitality,,Not publicly listed - apply via company website,https://careers.infor.com/
IDS Next,CRS,"Bengaluru, India",https://www.idsnext.com,,Not publicly listed - apply via company website,https://idsnext.com/careers/
Nor1,CRS,"San Mateo, United States",https://www.nor1.com,sales@nor1.com,Not publicly listed - apply via company website,https://careers.oracle.com
Newmarket / Delphi (Oracle Hospitality),CRS,"Portsmouth, United States",https://www.oracle.com/hospitality/sales-event-management/,,Not publicly listed - apply via company website,https://careers.oracle.com
Windsurfer CRS (Legacy Standalone),CRS,"Houston, United States",https://shr.global,,Not publicly listed - apply via company website,https://shr.global/careers/
STR/CoStar Hospitality Analytics,CRS,"Hendersonville, United States",https://str.com,info@str.com,RecruitAccommodation@costar.com,https://careers.costargroup.com/
iDAS Solutions,CRS,"London, United Kingdom",https://www.idassolutions.com,,Not publicly listed - apply via company website,
D-EDGE CRS,CRS,"Paris, France",https://www.d-edge.com,,Not publicly listed - apply via company website,https://careers.d-edge.com/
RateGain DHISCO Connectivity,CRS,"Noida, India",https://www.rategain.com,marketing@rategain.com,Not publicly listed - apply via company website,https://rategain-talent.freshteam.com/jobs
GuestCentric CRS,CRS,"Lisbon, Portugal",https://www.guestcentric.com,,hr@guestcentric.com,
Amadeus,Airline Aggregators,"Madrid, Spain",https://amadeus.com,,Not publicly listed - apply via company website,https://amadeus.com/en/careers/overview
Sabre,Airline Aggregators,"Southlake, United States",https://www.sabre.com,,recruiting@careers.sabre.com,https://www.sabre.com/careers/
Travelport,Airline Aggregators,"Langley, United Kingdom",https://www.travelport.com,,Not publicly listed - apply via company website,https://www.travelport.com/careers
Duffel,Airline Aggregators,"London, United Kingdom",https://duffel.com,,careers@duffel.com,https://duffel.com/careers
Kiwi.com Tequila API,Airline Aggregators,"Brno, Czech Republic",https://tequila.kiwi.com,,Not publicly listed - apply via company website,https://jobs.kiwi.com/
Mystifly,Airline Aggregators,Singapore,https://www.mystifly.com,,Not publicly listed - apply via company website,https://careers.mystifly.com/
TravelFusion,Airline Aggregators,"London, United Kingdom",https://www.travelfusion.com,sales@travelfusion.com,hr@travelfusion.com,
Verteil Technologies,Airline Aggregators,"Dubai, United Arab Emirates",https://www.verteil.com,support@verteil.com,ta@verteil.com,https://www.verteil.com/career
Farelogix (Accelya),Airline Aggregators,"Miami, United States",https://www.accelya.com,,Not publicly listed - apply via company website,https://w3.accelya.com/careers/
Aerticket,Airline Aggregators,"Kelsterbach, Germany",https://www.aerticket.com,,Not publicly listed - apply via company website,https://www.aerticket.de/en/career
Volaris Group Travel Technologies,Airline Aggregators,"Toronto, Canada",https://www.volarisgroup.com,,Not publicly listed - apply via company website,https://volarisgroup.wd3.myworkdayjobs.com/Volaris
Dohop,Airline Aggregators,"Reykjavik, Iceland",https://www.dohop.com,service@dohop.com,Not publicly listed - apply via company website,https://www.dohop.com/careers/
WorldTicket,Airline Aggregators,"Copenhagen, Denmark",https://www.worldticket.net,w2.service.req@worldticket.net,Not publicly listed - apply via company website,https://worldticket.com/career/
Travelport JourneyView Merchandising,Airline Aggregators,"Langley, United Kingdom",https://www.travelport.com,,Not publicly listed - apply via company website,https://www.travelport.com/careers
FlightsLogic,Airline Aggregators,"New Delhi, India",https://www.flightslogic.com,contact@flightslogic.com,contact@flightslogic.com,https://www.flightslogic.com/Careers.php
Hotelbeds,Hotel Aggregators,"Palma de Mallorca, Spain",https://www.hotelbeds.com,,Not publicly listed - apply via company website,https://careers.hotelbeds.com/search
Expedia Partner Solutions (EPS),Hotel Aggregators,"Seattle, United States",https://www.expediapartnersolutions.com,,Not publicly listed - apply via company website,https://careers.expediagroup.com/jobs/
Agoda Partner API (YCS),Hotel Aggregators,Singapore,https://partners.agoda.com,,Not publicly listed - apply via company website,https://careersatagoda.com/
RateHawk (Emerging Travel Group),Hotel Aggregators,"Limassol, Cyprus",https://www.ratehawk.com,,careers@ratehawk.com,https://www.ratehawk.com/lp/en-us/career/
TBO Holidays,Hotel Aggregators,"New Delhi, India",https://www.tbo.com,,careers@tbo.com,https://www.tbo.com/careers
WebBeds,Hotel Aggregators,"Dubai, United Arab Emirates",https://www.webbeds.com,,americas.careers@webbeds.com,https://www.webbeds.com/careers/
Travco,Hotel Aggregators,"Cairo, Egypt",https://www.travco.com,,Not publicly listed - apply via company website,https://travcogroup.com/careers.php
GRNconnect,Hotel Aggregators,"Dubai, United Arab Emirates",https://www.grnconnect.com,,hr@grnconnect.com,
DOTW (Destinations of the World),Hotel Aggregators,"Dubai, United Arab Emirates",https://www.dotwonline.com,,Not publicly listed - apply via company website,https://dotw.jobsoid.com
Restel,Hotel Aggregators,"Helsinki, Finland",https://www.restel.fi,,Not publicly listed - apply via company website,https://www.restel.fi/tyonhakijalle/
HotelsPro (Rakuten Travel Xchange),Hotel Aggregators,"Madrid, Spain",https://www.hotelspro.com,,Not publicly listed - apply via company website,https://solutions.travel.rakuten.com/jobs
Juniper Travel Technology,Hotel Aggregators,"Valencia, Spain",https://www.junipertravel.com,,Not publicly listed - apply via company website,https://careers.lifeatjuniper.com/jobs/junipercareers-en
Bonotel Exclusive Travel,Hotel Aggregators,"Fort Lauderdale, United States",https://www.bonotel.com,info@bonotel.com,Not publicly listed - apply via company website,
Miki Travel,Hotel Aggregators,"London, United Kingdom",https://www.mikitravel.com,,careers-europe@mikinet.co.uk,https://miki.travel/careers
Hotelbeds Cars & Transfers,Hotel Aggregators,"Palma de Mallorca, Spain",https://www.hotelbeds.com,,Not publicly listed - apply via company website,https://careers.hotelbeds.com/search
W2M (World2Meet),Hotel Aggregators,"Barcelona, Spain",https://www.w2m.travel,,Not publicly listed - apply via company website,https://jobs.w2m.com/jobs
Trainline Partner Solutions,Rail Aggregators,"London, United Kingdom",https://www.thetrainline.com/partner-solutions,,Not publicly listed - apply via company website,https://www.trainlinegroup.com/careers/jobs/
Rail Europe,Rail Aggregators,"Paris, France",https://www.raileurope.com,,Not publicly listed - apply via company website,https://www.raileurope.com/en-us/careers
SilverRail Technologies,Rail Aggregators,"Boston, United States",https://www.silverrailtech.com,,Not publicly listed - apply via company website,https://silverrailtech.com/careers
Distribusion Technologies,Rail Aggregators,"Vienna, Austria",https://www.distribusion.com,,talent@distribusion.com,https://careers.distribusion.com/
Omio B2B,Rail Aggregators,"Berlin, Germany",https://www.omio.com,,Not publicly listed - apply via company website,https://www.omio.com/corporate/jobs/
RailClick,Rail Aggregators,"Paris, France",https://www.railclick.com,,Not publicly listed - apply via company website,
12Go,Rail Aggregators,"Bangkok, Thailand",https://12go.co,,Not publicly listed - apply via company website,https://12go.asia/en/jobs
Rail Ninja,Rail Aggregators,"Bangkok, Thailand",https://www.railninja.com,,Not publicly listed - apply via company website,
Loco2,Rail Aggregators,"London, United Kingdom",https://www.loco2.com,,jobs@raileurope.com,https://www.raileurope.com/en-us/careers
Trainline,Rail Aggregators,"London, United Kingdom",https://www.thetrainline.com,,Not publicly listed - apply via company website,https://www.trainlinegroup.com/careers/jobs/
Renfe Distribution API,Rail Aggregators,"Madrid, Spain",https://www.renfe.com,,Not publicly listed - apply via company website,https://empleo.renfe.com/
TrainPal,Rail Aggregators,"London, United Kingdom",https://www.trainpal.com,TrainPalBrand@trip.com,Not publicly listed - apply via company website,
RailEasy,Rail Aggregators,"Birmingham, United Kingdom",https://www.raileasy.co.uk,,careers@trainsplit.com,https://raileasy.co.uk/careers
Wanderu,Rail Aggregators,"Boston, United States",https://www.wanderu.com,,Not publicly listed - apply via company website,https://www.wanderu.com/en-us/about-us/careers/
Trainu,Rail Aggregators,"Berlin, Germany",https://www.trainu.eu,,Not publicly listed - apply via company website,
Liveaboard.com,Liveaboard & Cruise Aggregators,"Bali, Indonesia",https://www.liveaboard.com,,Not publicly listed - apply via company website,https://liveaboard.recruitee.com/
CruiseDirect,Liveaboard & Cruise Aggregators,"Weehawken, United States",https://www.cruisedirect.com,,Not publicly listed - apply via company website,https://www.cruisedirect.com/jobs
Widgety,Liveaboard & Cruise Aggregators,"Bristol, United Kingdom",https://www.widgety.co.uk,,Not publicly listed - apply via company website,
Traveltek,Liveaboard & Cruise Aggregators,"Glasgow, United Kingdom",https://www.traveltek.net,,Not publicly listed - apply via company website,https://www.traveltek.com/about/careers/
Odysseus Solutions,Liveaboard & Cruise Aggregators,"Fort Lauderdale, United States",https://www.odysseus.com,,Not publicly listed - apply via company website,https://www.odysseussolutions.com/careers/
Revelex,Liveaboard & Cruise Aggregators,"Boca Raton, United States",https://www.revelex.com,,careers@revelex.com,https://www.revelex.com/en/about/careers
Vacation.com Cruise Concierge,Liveaboard & Cruise Aggregators,"New York, United States",https://www.vacation.com,,careers@internova.com,https://internova.com/careers/
CruiseCompete,Liveaboard & Cruise Aggregators,"Providence, United States",https://www.cruisecompete.com,,Not publicly listed - apply via company website,
iVvy Venue & Cruise Booking,Liveaboard & Cruise Aggregators,"Gold Coast, Australia",https://www.ivvy.com,,Not publicly listed - apply via company website,https://ivvy.com.au/careers
Dive The World,Liveaboard & Cruise Aggregators,"Phuket, Thailand",https://www.dive-the-world.com,ask@dive-the-world.com,Not publicly listed - apply via company website,
CruiseMapper Booking Tools,Liveaboard & Cruise Aggregators,"Miami, United States",https://www.cruisemapper.com,,Not publicly listed - apply via company website,
Worldwide Dive and Sail,Liveaboard & Cruise Aggregators,"London, United Kingdom",https://worldwidediveandsail.com,,Not publicly listed - apply via company website,
Cruise Hive Deals Network,Liveaboard & Cruise Aggregators,"Miami, United States",https://www.cruisehive.com,,Not publicly listed - apply via company website,
Blue O Two,Liveaboard & Cruise Aggregators,"Lichfield, United Kingdom",https://www.blueotwo.com,,Not publicly listed - apply via company website,https://blueotwo.com/careers
Master Liveaboards,Liveaboard & Cruise Aggregators,"Bali, Indonesia",https://www.masterliveaboards.com,,Not publicly listed - apply via company website,https://masterliveaboards.com/employment/
SiteMinder,Channel Managers,"Sydney, Australia",https://www.siteminder.com,,Not publicly listed - apply via company website,https://www.siteminder.com/careers/
RateGain,Channel Managers,"Noida, India",https://www.rategain.com,help@rategain.com,Not publicly listed - apply via company website,https://rategain-talent.freshteam.com/jobs
STAAH,Channel Managers,"Auckland, New Zealand",https://www.staah.com,,people@staah.com,
Cloudbeds Channel Manager,Channel Managers,"San Diego, United States",https://www.cloudbeds.com,support@cloudbeds.com,Not publicly listed - apply via company website,https://www.cloudbeds.com/careers/
D-EDGE Channel Manager,Channel Managers,"Paris, France",https://www.d-edge.com,,Not publicly listed - apply via company website,https://careers.d-edge.com/
eZee Centrix,Channel Managers,"Ahmedabad, India",https://www.ezeecentrix.com,info@ezeetechnosys.com,careers@ezeetechnosys.com,
AxisRooms,Channel Managers,"Bengaluru, India",https://www.axisrooms.com,sales@axisrooms.com,Not publicly listed - apply via company website,https://www.axisrooms.com/careers/
Vertical Booking,Channel Managers,"Venice, Italy",https://www.verticalbooking.com,,Not publicly listed - apply via company website,
NextPax,Channel Managers,"Amsterdam, Netherlands",https://www.nextpax.com,sales@nextpax.com,careers@nextpax.com,
HotelRunner,Channel Managers,"Istanbul, Turkey",https://www.hotelrunner.com,,Not publicly listed - apply via company website,https://hotelrunner.com/en/careers/
Yanolja Cloud Solution (eZee),Channel Managers,"Ahmedabad, India",https://www.ezeetechnosys.com,info@ezeetechnosys.com,careers@ezeetechnosys.com,
dailypoint,Channel Managers,"Vienna, Austria",https://www.dailypoint.net,info@dailypoint.net,Not publicly listed - apply via company website,
WebRezPro Channel Manager,Channel Managers,"Victoria, Canada",https://www.webrezpro.com,,Not publicly listed - apply via company website,https://webrezpro.com/careers-webrezpro/
Smartvel,Channel Managers,"Madrid, Spain",https://www.smartvel.com,hello@smartvel.com,Not publicly listed - apply via company website,https://www.smartvel.com/about-us/careers
HotelRunner Marketplace Sync,Channel Managers,"Istanbul, Turkey",https://www.hotelrunner.com,,Not publicly listed - apply via company website,https://hotelrunner.com/en/careers/
Hotelbeds,B2B Wholesalers,"Palma de Mallorca, Spain",https://www.hotelbeds.com,media@hbxgroup.com,Not publicly listed - apply via company website,https://careers.hotelbeds.com/search
WebBeds,B2B Wholesalers,"Dubai, United Arab Emirates",https://www.webbeds.com,customerservice@webbeds.com,mea.careers@webbeds.com,
TBO (Travel Boutique Online),B2B Wholesalers,"New Delhi, India",https://www.tbo.com,info@tbo.com,careers@tbo.com,https://www.tbo.com/careers
Travco,B2B Wholesalers,"Cairo, Egypt",https://www.travco.com,,Not publicly listed - apply via company website,https://travcogroup.com/careers.php
GRNconnect,B2B Wholesalers,"Dubai, United Arab Emirates",https://www.grnconnect.com,,hr@grnconnect.com,
Restel,B2B Wholesalers,"Helsinki, Finland",https://www.restel.fi,billing@restel.fi,Not publicly listed - apply via company website,https://www.restel.fi/tyonhakijalle/
DOTW (Destinations of the World),B2B Wholesalers,"Dubai, United Arab Emirates",https://www.dotwonline.com,,Not publicly listed - apply via company website,https://dotw.jobsoid.com
MTS Globe,B2B Wholesalers,"Split, Croatia",https://www.mtsglobe.com,,hr@mtsglobe.com,
Jonview Canada,B2B Wholesalers,"Toronto, Canada",https://www.jonview.com,canada@jonview.com,info-hr@jonview.com,
Miki Travel,B2B Wholesalers,"London, United Kingdom",https://www.mikitravel.com,,hr.uk@group-miki.com,
Global Vision Travel Group,B2B Wholesalers,"Orlando, United States",https://www.globalvisiontravel.com,,Not publicly listed - apply via company website,
Discover the World,B2B Wholesalers,"Crawley, United Kingdom",https://www.discover-the-world.com,travel@discover-the-world.co.uk,sue.thorne@discover-the-world.co.uk,https://www.discover-the-world.com/careers/
Bonotel Exclusive Travel,B2B Wholesalers,"Fort Lauderdale, United States",https://www.bonotel.com,info@bonotel.com,Not publicly listed - apply via company website,
Gullivers Travel Associates (GTA),B2B Wholesalers,"London, United Kingdom",https://www.webbeds.com,customerservice@webbeds.com,europe.careers@webbeds.com,
Kuoni Tumlare,B2B Wholesalers,"Zurich, Switzerland",https://www.kuoni-tumlare.com,,Not publicly listed - apply via company website,https://careers.kuonitumlare.com/
Anex Tour,B2B Wholesalers,"Antalya, Turkey",https://www.anextour.com,,Not publicly listed - apply via company website,https://www.kariyer.net/firma-profil/anex-tour-26855-18517
Sabre Hospitality,Booking & Distribution Platforms,"Southlake, United States",https://www.sabrehospitality.com,,recruiting@careers.sabre.com,https://www.sabre.com/careers/
Amadeus Travel Platform,Booking & Distribution Platforms,"Madrid, Spain",https://amadeus.com,,Not publicly listed - apply via company website,https://amadeus.com/en/careers/overview
Travelport+,Booking & Distribution Platforms,"Langley, United Kingdom",https://www.travelport.com,,Not publicly listed - apply via company website,https://www.travelport.com/careers
Duffel,Booking & Distribution Platforms,"London, United Kingdom",https://duffel.com,,careers@duffel.com,
NDC Exchange (Accelya),Booking & Distribution Platforms,"Barcelona, Spain",https://www.accelya.com,,Not publicly listed - apply via company website,https://w3.accelya.com/careers/
HBSI (Hotel Booking Solutions),Booking & Distribution Platforms,"Tampa, United States",https://www.hbsi.net,,Not publicly listed - apply via company website,
Jack Rabbit Systems,Booking & Distribution Platforms,"Denver, United States",https://www.jackrabbitsystems.com,,Not publicly listed - apply via company website,
Booking Automation,Booking & Distribution Platforms,"Las Vegas, United States",https://www.bookingautomation.com,,Not publicly listed - apply via company website,
Juniper Booking Engine,Booking & Distribution Platforms,"Valencia, Spain",https://www.junipertravel.com,,Not publicly listed - apply via company website,
Dingus Technology,Booking & Distribution Platforms,"Bozeman, United States",https://www.dingustechnology.com,,Not publicly listed - apply via company website,
HotelHub,Booking & Distribution Platforms,"London, United Kingdom",https://www.hotelhub.com,sales@hotelhub.com,Not publicly listed - apply via company website,https://www.hotelhub.com/careers/
HRS Group,Booking & Distribution Platforms,"Cologne, Germany",https://www.hrs.com,,Not publicly listed - apply via company website,https://jobs.hrs.com/
Priceline Partner Solutions,Booking & Distribution Platforms,"Norwalk, United States",https://partners.priceline.com,,Not publicly listed - apply via company website,https://pricelinepartnersolutions.com/about-us/careers
TravelgateX,Booking & Distribution Platforms,"Valencia, Spain",https://www.travelgatex.com,,Not publicly listed - apply via company website,https://www.travelgate.com/careers
W2M (World2Meet) Distribution,Booking & Distribution Platforms,"Barcelona, Spain",https://www.w2m.travel,,Not publicly listed - apply via company website,https://jobs.w2m.com/jobs
Booking.com,OTA & Travel Aggregators,"Amsterdam, Netherlands",https://www.booking.com,,Not publicly listed - apply via company website,https://careers.booking.com/
Expedia,OTA & Travel Aggregators,"Seattle, United States",https://www.expedia.com,,Not publicly listed - apply via company website,https://careers.expediagroup.com/
MakeMyTrip,OTA & Travel Aggregators,"Gurugram, India",https://www.makemytrip.com,,Not publicly listed - apply via company website,https://careers.makemytrip.com/
Agoda,OTA & Travel Aggregators,Singapore,https://www.agoda.com,,Not publicly listed - apply via company website,https://careersatagoda.com/
Trip.com,OTA & Travel Aggregators,"Shanghai, China",https://www.trip.com,,Not publicly listed - apply via company website,https://careers.trip.com/
Cleartrip,OTA & Travel Aggregators,"Mumbai, India",https://www.cleartrip.com,,Not publicly listed - apply via company website,https://careers.cleartrip.com/
Traveloka,OTA & Travel Aggregators,"Jakarta, Indonesia",https://www.traveloka.com,cs@traveloka.com,recruitment@traveloka.com,https://careers.traveloka.com/
Despegar,OTA & Travel Aggregators,"Buenos Aires, Argentina",https://www.despegar.com,,Not publicly listed - apply via company website,https://investor.despegar.com/careers/opportunities/default.aspx
Yatra,OTA & Travel Aggregators,"Gurugram, India",https://www.yatra.com,support@yatra.com,Not publicly listed - apply via company website,https://tech.yatra.com/
ixigo,OTA & Travel Aggregators,"Gurugram, India",https://www.ixigo.com,,careers@ixigo.com,https://careers.ixigo.com/
Skyscanner,OTA & Travel Aggregators,"Edinburgh, United Kingdom",https://www.skyscanner.net,,Not publicly listed - apply via company website,https://www.skyscanner.net/jobs
Kayak,OTA & Travel Aggregators,"Stamford, United States",https://www.kayak.com,,Not publicly listed - apply via company website,https://www.kayak.com/careers
Google Flights & Hotels,OTA & Travel Aggregators,"Mountain View, United States",https://www.google.com/travel/flights,,Not publicly listed - apply via company website,https://careers.google.com/
eDreams ODIGEO,OTA & Travel Aggregators,"Barcelona, Spain",https://www.edreamsodigeo.com,,Not publicly listed - apply via company website,https://www.edreamsodigeocareers.com/
Almosafer,OTA & Travel Aggregators,"Riyadh, Saudi Arabia",https://www.almosafer.com,,careers@almosafer.com,https://www.almosafer.com/en/careers
TUI Group,Tour Operators,"Hanover, Germany",https://www.tuigroup.com,,careers@tui.com,https://careers.tuigroup.com/en
Intrepid Travel,Tour Operators,"Melbourne, Australia",https://www.intrepidtravel.com,,Not publicly listed - apply via company website,https://careers.intrepidtravel.com/
G Adventures,Tour Operators,"Toronto, Canada",https://www.gadventures.com,,Not publicly listed - apply via company website,https://www.gadventures.com/careers/
Contiki,Tour Operators,"London, United Kingdom",https://www.contiki.com,,asia_jobs@contiki.com.au,
Trafalgar,Tour Operators,"London, United Kingdom",https://www.trafalgar.com,,hruk@ttc.co.uk,https://ttc.com/careers/
Abercrombie & Kent,Tour Operators,"Downers Grove, United States",https://www.abercrombiekent.com,,Not publicly listed - apply via company website,https://www.abercrombiekent.com/careers
Kuoni,Tour Operators,"Zurich, Switzerland",https://www.kuoni.com,,Not publicly listed - apply via company website,https://www.kuoni.co.uk/about-us/careers/
On The Go Tours,Tour Operators,"London, United Kingdom",https://www.onthegotours.com,,Not publicly listed - apply via company website,https://www.onthegotours.com/Join-our-team
Exodus Travels,Tour Operators,"London, United Kingdom",https://www.exodus.co.uk,,Not publicly listed - apply via company website,https://globalcareers.travelopia.com/Brand/Exodus
EF Ultimate Break,Tour Operators,"Cambridge, United States",https://www.efultimatebreak.com,,Not publicly listed - apply via company website,https://www.efultimatebreak.com/about/careers
Explore Worldwide,Tour Operators,"Farnborough, United Kingdom",https://www.explore.co.uk,,Not publicly listed - apply via company website,https://careers.exploreworldwide.com/
Insight Vacations,Tour Operators,"London, United Kingdom",https://www.insightvacations.com,,Not publicly listed - apply via company website,https://ttc.com/careers/
Gate 1 Travel,Tour Operators,"Fort Washington, United States",https://www.gate1travel.com,,Not publicly listed - apply via company website,https://www.gate1travel.com/jobs.aspx
Scenic Group,Tour Operators,"Newcastle, Australia",https://www.scenic.com.au,,employment@scenic.com.au,
Cosmos Tours,Tour Operators,"Littleton, United States",https://www.cosmos.com,,Not publicly listed - apply via company website,https://workforcenow.adp.com/mascsr/default/mdf/recruitment/recruitment.html?cid=5bc19967-0a9a-40ee-8216-46763815c9a6
Omio,Rail Meta Booking Engines,"Berlin, Germany",https://www.omio.com,,Not publicly listed - apply via company website,https://www.omio.com/corporate/jobs/
Rail Europe,Rail Meta Booking Engines,"Paris, France",https://www.raileurope.com,,Not publicly listed - apply via company website,https://www.raileurope.com/en-us/careers
Trainline,Rail Meta Booking Engines,"London, United Kingdom",https://www.thetrainline.com,,Not publicly listed - apply via company website,https://www.trainlinegroup.com/careers/jobs/
12Go,Rail Meta Booking Engines,"Bangkok, Thailand",https://12go.co,,Not publicly listed - apply via company website,https://12go.asia/en/jobs
Wanderu,Rail Meta Booking Engines,"Boston, United States",https://www.wanderu.com,,Not publicly listed - apply via company website,https://www.wanderu.com/en-us/about-us/careers/
Loco2,Rail Meta Booking Engines,"London, United Kingdom",https://www.loco2.com,,jobs@raileurope.com,https://www.raileurope.com/en-us/careers
Virail,Rail Meta Booking Engines,"Paris, France",https://www.virail.com,,Not publicly listed - apply via company website,
Rail Ninja,Rail Meta Booking Engines,"Bangkok, Thailand",https://www.railninja.com,support@rail.ninja,Not publicly listed - apply via company website,
Distribusion,Rail Meta Booking Engines,"Vienna, Austria",https://www.distribusion.com,,talent@distribusion.com,https://careers.distribusion.com/
Raillio,Rail Meta Booking Engines,"Amsterdam, Netherlands",https://www.raillio.com,,Not publicly listed - apply via company website,
TrainPal,Rail Meta Booking Engines,"London, United Kingdom",https://www.trainpal.com,,Not publicly listed - apply via company website,
Rail Planner (Eurail),Rail Meta Booking Engines,"Utrecht, Netherlands",https://www.eurail.com/en/plan-your-trip/rail-planner-app,,jobs@eurail.com,
Trainu,Rail Meta Booking Engines,"Berlin, Germany",https://www.trainu.eu,,Not publicly listed - apply via company website,
Trainline Europe,Rail Meta Booking Engines,"Paris, France",https://www.thetrainline.com,,Not publicly listed - apply via company website,https://www.trainlinegroup.com/careers/jobs/
Rail.cc,Rail Meta Booking Engines,"Berlin, Germany",https://www.rail.cc,,Not publicly listed - apply via company website,
